{
  "timestamp": 480,
  "vel": [
    -2125.68529728589,
    237.092093664408,
    561.943949706413
  ],
  "target_pixel": [
    542,
    92
  ],
  "angle_deg": -4.963507275601776,
  "background_stars": [],
  "target_orbit_pos": [
    -15477505993.9948,
    1399134881.25471,
    -4046122900.28703
  ],
  "target_orbit_vel": [
    -1336.14933123208,
    -470.767650978767,
    4362.18169453798
  ]
}