{
  "timestamp": 2880,
  "vel": [
    -2126.07315003732,
    234.57837530795,
    561.372980633558
  ],
  "target_pixel": [
    543,
    92
  ],
  "angle_deg": -4.9639606747992975,
  "background_stars": [],
  "target_orbit_pos": [
    -15480713232.0106,
    1398001984.73072,
    -4035654313.88563
  ],
  "target_orbit_vel": [
    -1336.54849302315,
    -473.312658084543,
    4361.64025927694
  ]
}