{
  "timestamp": 4260,
  "vel": [
    -2126.29480910209,
    233.132851784947,
    561.044558820652
  ],
  "target_pixel": [
    543,
    92
  ],
  "angle_deg": -4.964211032162758,
  "background_stars": [],
  "target_orbit_pos": [
    -15482557826.3621,
    1397347803.66755,
    -4029635465.53865
  ],
  "target_orbit_vel": [
    -1336.77650360935,
    -474.775775116445,
    4361.32843672648
  ]
}