{
  "timestamp": 180,
  "vel": [
    -2125.63660512598,
    237.406287243913,
    562.01530297456
  ],
  "target_pixel": [
    542,
    92
  ],
  "angle_deg": -4.963448993109387,
  "background_stars": [],
  "target_orbit_pos": [
    -15477105156.7183,
    1399276063.83051,
    -4047431564.91597
  ],
  "target_orbit_vel": [
    -1336.09920193693,
    -470.44948459878,
    4362.24929663788
  ]
}