{
  "timestamp": 3120,
  "vel": [
    -2126.11177058358,
    234.326986978642,
    561.315869791451
  ],
  "target_pixel": [
    543,
    92
  ],
  "angle_deg": -4.964004757724284,
  "background_stars": [],
  "target_orbit_pos": [
    -15481034008.4136,
    1397888359.15248,
    -4034607526.7441
  ],
  "target_orbit_vel": [
    -1336.5882261043,
    -473.567127008942,
    4361.58605533033
  ]
}