{
  "timestamp": 2400,
  "vel": [
    -2125.99581908578,
    235.08114300603,
    561.487194731326
  ],
  "target_pixel": [
    543,
    92
  ],
  "angle_deg": -4.963871823492504,
  "background_stars": [],
  "target_orbit_pos": [
    -15480071707.8324,
    1398229052.66544,
    -4037747927.189
  ],
  "target_orbit_vel": [
    -1336.46892698846,
    -472.803702857746,
    4361.74863423179
  ]
}