{
  "timestamp": 660,
  "vel": [
    -2125.71449012348,
    236.903575243368,
    561.901135835669
  ],
  "target_pixel": [
    542,
    92
  ],
  "angle_deg": -4.963542073569847,
  "background_stars": [],
  "target_orbit_pos": [
    -15477746503.5765,
    1399050125.89404,
    -4045337711.2453
  ],
  "target_orbit_vel": [
    -1336.17938384181,
    -470.958546499218,
    4362.1411250266
  ]
}