{
  "timestamp": 600,
  "vel": [
    -2125.70476104917,
    236.966414906364,
    561.915407285006
  ],
  "target_pixel": [
    542,
    92
  ],
  "angle_deg": -4.963530488541233,
  "background_stars": [],
  "target_orbit_pos": [
    -15477666333.1149,
    1399078381.49907,
    -4045599440.11448
  ],
  "target_orbit_vel": [
    -1336.16936838586,
    -470.89491501819,
    4362.1546488846
  ]
}