{
  "timestamp": 4440,
  "vel": [
    -2126.32364813429,
    232.944298006704,
    561.001715048224
  ],
  "target_pixel": [
    543,
    92
  ],
  "angle_deg": -4.964243130780754,
  "background_stars": [],
  "target_orbit_pos": [
    -15482798448.7994,
    1397262326.85083,
    -4028850430.09534
  ],
  "target_orbit_vel": [
    -1336.80616297337,
    -474.966602294732,
    4361.28773748209
  ]
}