{
  "timestamp": 2820,
  "vel": [
    -2126.06349022053,
    234.641221923926,
    561.387257949121
  ],
  "target_pixel": [
    543,
    92
  ],
  "angle_deg": -4.963949618367411,
  "background_stars": [],
  "target_orbit_pos": [
    -15480633039.4002,
    1398030381.58212,
    -4035916012.70355
  ],
  "target_orbit_vel": [
    -1336.53855455115,
    -473.249039947925,
    4361.65380854826
  ]
}