{
  "timestamp": 4140,
  "vel": [
    -2126.27557371864,
    233.258553379153,
    561.073120548809
  ],
  "target_pixel": [
    543,
    92
  ],
  "angle_deg": -4.964189561727346,
  "background_stars": [],
  "target_orbit_pos": [
    -15482397414.3705,
    1397404769.12965,
    -4030158826.57055
  ],
  "target_orbit_vel": [
    -1336.75672029649,
    -474.648555177665,
    4361.3555661294
  ]
}