{
  "timestamp": 3720,
  "vel": [
    -2126.20819089787,
    233.698503124297,
    561.173081637018
  ],
  "target_pixel": [
    543,
    92
  ],
  "angle_deg": -4.964113965596645,
  "background_stars": [],
  "target_orbit_pos": [
    -15481835991.1059,
    1397604028.02099,
    -4031990615.8161
  ],
  "target_orbit_vel": [
    -1336.68741315929,
    -474.203273936663,
    4361.45049744706
  ]
}