{
  "timestamp": 4860,
  "vel": [
    -2126.39087367377,
    232.504332727947,
    560.901740742258
  ],
  "target_pixel": [
    543,
    92
  ],
  "angle_deg": -4.9643175280981,
  "background_stars": [],
  "target_orbit_pos": [
    -15483359921.9021,
    1397062747.36876,
    -4027018709.22122
  ],
  "target_orbit_vel": [
    -1336.87529533116,
    -475.411852960539,
    4361.19274859679
  ]
}