{
  "timestamp": 4560,
  "vel": [
    -2126.34286479363,
    232.818594564046,
    560.973151746805
  ],
  "target_pixel": [
    543,
    92
  ],
  "angle_deg": -4.964264458506019,
  "background_stars": [],
  "target_orbit_pos": [
    -15482958866.7227,
    1397205323.224,
    -4028327077.2033
  ],
  "target_orbit_vel": [
    -1336.82592547917,
    -475.093818592772,
    4361.26060122624
  ]
}