{
  "timestamp": 5040,
  "vel": [
    -2126.4196565317,
    232.315773414547,
    560.858892254252
  ],
  "target_pixel": [
    543,
    92
  ],
  "angle_deg": -4.964349198627963,
  "background_stars": [],
  "target_orbit_pos": [
    -15483600562.1164,
    1396977156.05834,
    -4026233698.20367
  ],
  "target_orbit_vel": [
    -1336.9048922737,
    -475.602669205083,
    4361.15202879896
  ]
}