{
  "timestamp": 3,
  "vel": [
    -2125.60736737229,
    237.594801115007,
    562.058113024359
  ],
  "target_pixel": [
    542,
    92
  ],
  "angle_deg": -4.963413852066547,
  "background_stars": [],
  "target_orbit_pos": [
    -15476864661.5739,
    1399360727.55859,
    -4048216773.42714
  ],
  "target_orbit_vel": [
    -1336.06909939251,
    -470.258580466806,
    4362.28984964481
  ]
}