{
  "timestamp": 3300,
  "vel": [
    -2126.14071633589,
    234.138443775289,
    561.273035001809
  ],
  "target_pixel": [
    543,
    92
  ],
  "angle_deg": -4.964037669993895,
  "background_stars": [],
  "target_orbit_pos": [
    -15481274596.9716,
    1397803099.8905,
    -4033822444.92583
  ],
  "target_orbit_vel": [
    -1336.61800406802,
    -473.75797489666,
    4361.545395167
  ]
}