{
  "timestamp": 3480,
  "vel": [
    -2126.16964523864,
    233.949898897046,
    561.230198791812
  ],
  "target_pixel": [
    543,
    92
  ],
  "angle_deg": -4.964070453764474,
  "background_stars": [],
  "target_orbit_pos": [
    -15481515190.8881,
    1397717806.27552,
    -4033037370.42695
  ],
  "target_orbit_vel": [
    -1336.64776330554,
    -473.948819520173,
    4361.50472883039
  ]
}