{
  "timestamp": 2640,
  "vel": [
    -2126.03449953776,
    234.829760651949,
    561.430088947448
  ],
  "target_pixel": [
    543,
    92
  ],
  "angle_deg": -4.963916363397027,
  "background_stars": [],
  "target_orbit_pos": [
    -15480392465.1475,
    1398115549.23574,
    -4036701114.0348
  ],
  "target_orbit_vel": [
    -1336.50872665118,
    -473.058183365785,
    4361.69445224485
  ]
}