{
  "timestamp": 1740,
  "vel": [
    -2125.88929340758,
    235.772429026807,
    561.644222576952
  ],
  "target_pixel": [
    542,
    92
  ],
  "angle_deg": -4.96374816037517,
  "background_stars": [],
  "target_orbit_pos": [
    -15479189674.5124,
    1398540872.17086,
    -4040626730.39868
  ],
  "target_orbit_vel": [
    -1336.35930626147,
    -472.103851650207,
    4361.89757805656
  ]
}