{
  "timestamp": 4980,
  "vel": [
    -2126.41006411827,
    232.378626703151,
    560.873175240628
  ],
  "target_pixel": [
    543,
    92
  ],
  "angle_deg": -4.964338656052375,
  "background_stars": [],
  "target_orbit_pos": [
    -15483520348.1197,
    1397005690.31146,
    -4026495367.72845
  ],
  "target_orbit_vel": [
    -1336.89502870691,
    -475.539064155101,
    4361.16560274983
  ]
}