{
  "timestamp": 3960,
  "vel": [
    -2126.24670660079,
    233.447104381935,
    561.115961960291
  ],
  "target_pixel": [
    543,
    92
  ],
  "angle_deg": -4.96415724902721,
  "background_stars": [],
  "target_orbit_pos": [
    -15482156800.8357,
    1397490188.69743,
    -4030943874.22212
  ],
  "target_orbit_vel": [
    -1336.72702972188,
    -474.457722541295,
    4361.39625509305
  ]
}