{
  "timestamp": 2700,
  "vel": [
    -2126.04416497074,
    234.766914595948,
    561.415812106094
  ],
  "target_pixel": [
    543,
    92
  ],
  "angle_deg": -4.963927462665319,
  "background_stars": [],
  "target_orbit_pos": [
    -15480472655.9685,
    1398087163.8343,
    -4036439412.77818
  ],
  "target_orbit_vel": [
    -1336.51867136515,
    -473.121802588498,
    4361.68090503225
  ]
}