{
  "timestamp": 5100,
  "vel": [
    -2126.42924707256,
    232.252919941993,
    560.844609110872
  ],
  "target_pixel": [
    543,
    92
  ],
  "angle_deg": -4.964359726938816,
  "background_stars": [],
  "target_orbit_pos": [
    -15483680776.7047,
    1396948617.98961,
    -4025972029.49335
  ],
  "target_orbit_vel": [
    -1336.91475375979,
    -475.666273890037,
    4361.13845416321
  ]
}