{
  "timestamp": 1380,
  "vel": [
    -2125.83109302798,
    236.14948455118,
    561.729866045618
  ],
  "target_pixel": [
    542,
    92
  ],
  "angle_deg": -4.963679979188533,
  "background_stars": [],
  "target_orbit_pos": [
    -15478708595.9475,
    1398710760.84821,
    -4042197028.12037
  ],
  "target_orbit_vel": [
    -1336.29940702449,
    -471.722096227617,
    4361.97878511667
  ]
}