{
  "timestamp": 4620,
  "vel": [
    -2126.35247031462,
    232.755742565815,
    560.958869860239
  ],
  "target_pixel": [
    543,
    92
  ],
  "angle_deg": -4.964275100964602,
  "background_stars": [],
  "target_orbit_pos": [
    -15483039076.5736,
    1397176815.6862,
    -4028065401.97846
  ],
  "target_orbit_vel": [
    -1336.83580361101,
    -475.157426195288,
    4361.24703207054
  ]
}