{
  "timestamp": 2760,
  "vel": [
    -2126.05382853167,
    234.704068353252,
    561.401535106643
  ],
  "target_pixel": [
    543,
    92
  ],
  "angle_deg": -4.963938547655404,
  "background_stars": [],
  "target_orbit_pos": [
    -15480552847.3861,
    1398058774.61643,
    -4036177712.33442
  ],
  "target_orbit_vel": [
    -1336.52861399848,
    -473.185421449236,
    4361.66735713337
  ]
}