{
  "timestamp": 4500,
  "vel": [
    -2126.33325740018,
    232.881446377761,
    560.987433476142
  ],
  "target_pixel": [
    543,
    92
  ],
  "angle_deg": -4.964253801779868,
  "background_stars": [],
  "target_orbit_pos": [
    -15482878657.4646,
    1397233826.946,
    -4028588753.24228
  ],
  "target_orbit_vel": [
    -1336.81604526664,
    -475.030210625854,
    4361.27416969677
  ]
}