{
  "timestamp": 3780,
  "vel": [
    -2126.21782263204,
    233.635653716898,
    561.158801954197
  ],
  "target_pixel": [
    543,
    92
  ],
  "angle_deg": -4.964124807865148,
  "background_stars": [],
  "target_orbit_pos": [
    -15481916192.6469,
    1397575573.91503,
    -4031728929.19717
  ],
  "target_orbit_vel": [
    -1336.69732042098,
    -474.2668866329,
    4361.43693788697
  ]
}