{
  "timestamp": 1080,
  "vel": [
    -2125.7825412386,
    236.463692309233,
    561.801231238434
  ],
  "target_pixel": [
    542,
    92
  ],
  "angle_deg": -4.963622768597684,
  "background_stars": [],
  "target_orbit_pos": [
    -15478307713.625,
    1398852229.76086,
    -4043505631.88408
  ],
  "target_orbit_vel": [
    -1336.24943377606,
    -471.403956802983,
    4362.04643877291
  ]
}