{
  "timestamp": 4800,
  "vel": [
    -2126.38127564274,
    232.567185463902,
    560.916023257455
  ],
  "target_pixel": [
    543,
    92
  ],
  "angle_deg": -4.964306942716135,
  "background_stars": [],
  "target_orbit_pos": [
    -15483279709.6815,
    1397091270.17219,
    -4027280381.18913
  ],
  "target_orbit_vel": [
    -1336.86542552218,
    -475.348246816176,
    4361.2063204928
  ]
}