{
  "timestamp": 4020,
  "vel": [
    -2126.25633084575,
    233.384254232862,
    561.101681647268
  ],
  "target_pixel": [
    543,
    92
  ],
  "angle_deg": -4.964168034199466,
  "background_stars": [],
  "target_orbit_pos": [
    -15482237004.7535,
    1397461719.32459,
    -4030682190.85783
  ],
  "target_orbit_vel": [
    -1336.73692866078,
    -474.521333783768,
    4361.38269279064
  ]
}