{
  "timestamp": 3420,
  "vel": [
    -2126.16000414326,
    234.012747375765,
    561.244477686248
  ],
  "target_pixel": [
    543,
    92
  ],
  "angle_deg": -4.964059540117795,
  "background_stars": [],
  "target_orbit_pos": [
    -15481434992.3208,
    1397746241.29741,
    -4033299061.11324
  ],
  "target_orbit_vel": [
    -1336.63784564039,
    -473.885205008495,
    4361.51828496178
  ]
}