{
  "timestamp": 2940,
  "vel": [
    -2126.08280798205,
    234.515528505201,
    561.358703159982
  ],
  "target_pixel": [
    543,
    92
  ],
  "angle_deg": -4.9639717169462445,
  "background_stars": [],
  "target_orbit_pos": [
    -15480793425.2174,
    1397973584.06086,
    -4035392615.88067
  ],
  "target_orbit_vel": [
    -1336.55842941443,
    -473.376275859135,
    4361.62670931945
  ]
}