{
  "timestamp": 3540,
  "vel": [
    -2126.1792844618,
    233.887050232545,
    561.215919739643
  ],
  "target_pixel": [
    543,
    92
  ],
  "angle_deg": -4.964081353137448,
  "background_stars": [],
  "target_orbit_pos": [
    -15481595390.0503,
    1397689367.43746,
    -4032775680.55405
  ],
  "target_orbit_vel": [
    -1336.65767889003,
    -474.012433668858,
    4361.49117201319
  ]
}