{
  "timestamp": 1860,
  "vel": [
    -2125.90867855966,
    235.64674234796,
    561.615673485391
  ],
  "target_pixel": [
    542,
    92
  ],
  "angle_deg": -4.963770773143611,
  "background_stars": [],
  "target_orbit_pos": [
    -15479350038.8242,
    1398484212.07208,
    -4040103304.32192
  ],
  "target_orbit_vel": [
    -1336.37925602864,
    -472.231100573268,
    4361.87050354138
  ]
}