{
  "timestamp": 3900,
  "vel": [
    -2126.23708048351,
    233.509954345695,
    561.130242115806
  ],
  "target_pixel": [
    543,
    92
  ],
  "angle_deg": -4.964146449581388,
  "background_stars": [],
  "target_orbit_pos": [
    -15482076597.512,
    1397518654.25357,
    -4031205558.40014
  ],
  "target_orbit_vel": [
    -1336.71712870229,
    -474.394110935263,
    4361.40981670993
  ]
}