{
  "timestamp": 780,
  "vel": [
    -2125.73394265734,
    236.777895349881,
    561.872592459868
  ],
  "target_pixel": [
    542,
    92
  ],
  "angle_deg": -4.96356520074916,
  "background_stars": [],
  "target_orbit_pos": [
    -15477906846.3022,
    1398993603.23037,
    -4044814255.94135
  ],
  "target_orbit_vel": [
    -1336.19940851185,
    -471.085808383453,
    4362.11407524817
  ]
}