{
  "timestamp": 60,
  "vel": [
    -2125.61711516163,
    237.531963347879,
    562.043843167082
  ],
  "target_pixel": [
    542,
    92
  ],
  "angle_deg": -4.96342558004449,
  "background_stars": [],
  "target_orbit_pos": [
    -15476944826.0199,
    1399332510.13422,
    -4047955036.44569
  ],
  "target_orbit_vel": [
    -1336.07913565459,
    -470.322215535933,
    4362.27633266367
  ]
}