{
  "timestamp": 300,
  "vel": [
    -2125.65608760445,
    237.280610380841,
    561.986762144933
  ],
  "target_pixel": [
    542,
    92
  ],
  "angle_deg": -4.963472348989555,
  "background_stars": [],
  "target_orbit_pos": [
    -15477265489.8242,
    1399219602.25392,
    -4046908096.63073
  ],
  "target_orbit_vel": [
    -1336.11925989681,
    -470.576752227207,
    4362.222257861
  ]
}