{
  "timestamp": 1800,
  "vel": [
    -2125.89898691953,
    235.709585781355,
    561.629948110431
  ],
  "target_pixel": [
    542,
    92
  ],
  "angle_deg": -4.9637594739036945,
  "background_stars": [],
  "target_orbit_pos": [
    -15479269856.369,
    1398512544.03054,
    -4040365016.95418
  ],
  "target_orbit_vel": [
    -1336.36928218539,
    -472.167476292076,
    4361.88404114238
  ]
}