{
  "timestamp": 120,
  "vel": [
    -2125.62686107954,
    237.46912539076,
    562.029573150473
  ],
  "target_pixel": [
    542,
    92
  ],
  "angle_deg": -4.963437293723574,
  "background_stars": [],
  "target_orbit_pos": [
    -15477024991.0682,
    1399304288.89105,
    -4047693300.27529
  ],
  "target_orbit_vel": [
    -1336.08916983605,
    -470.385850246658,
    4362.26281499468
  ]
}