{
  "timestamp": 1260,
  "vel": [
    -2125.81167792736,
    236.275168219906,
    561.758412599086
  ],
  "target_pixel": [
    542,
    92
  ],
  "angle_deg": -4.9636571378198315,
  "background_stars": [],
  "target_orbit_pos": [
    -15478548241.2196,
    1398767359.86613,
    -4042720467.1903
  ],
  "target_orbit_vel": [
    -1336.27942396702,
    -471.594841537791,
    4362.0058486406
  ]
}