{
  "timestamp": 4200,
  "vel": [
    -2126.28519234655,
    233.195702674566,
    561.058839763428
  ],
  "target_pixel": [
    543,
    92
  ],
  "angle_deg": -4.964200304081118,
  "background_stars": [],
  "target_orbit_pos": [
    -15482477620.0696,
    1397376288.3069,
    -4029897145.64766
  ],
  "target_orbit_vel": [
    -1336.76661299327,
    -474.712165328991,
    4361.34200177063
  ]
}