{
  "timestamp": 2460,
  "vel": [
    -2126.00549200677,
    235.018297698005,
    561.472918522644
  ],
  "target_pixel": [
    543,
    92
  ],
  "angle_deg": -4.963882979890455,
  "background_stars": [],
  "target_orbit_pos": [
    -15480151896.2656,
    1398200682.53349,
    -4037486222.68138
  ],
  "target_orbit_vel": [
    -1336.47888002513,
    -472.867323527262,
    4361.73508976465
  ]
}