{
  "timestamp": 3840,
  "vel": [
    -2126.22745249393,
    233.572804123976,
    561.144522113784
  ],
  "target_pixel": [
    543,
    92
  ],
  "angle_deg": -4.964135635859105,
  "background_stars": [],
  "target_orbit_pos": [
    -15481996394.7824,
    1397547115.99232,
    -4031467243.39184
  ],
  "target_orbit_vel": [
    -1336.70722560197,
    -474.330498965812,
    4361.42337764125
  ]
}