{
  "timestamp": 3180,
  "vel": [
    -2126.12142103985,
    234.264139430269,
    561.301591686101
  ],
  "target_pixel": [
    543,
    92
  ],
  "angle_deg": -4.964015742755367,
  "background_stars": [],
  "target_orbit_pos": [
    -15481114204.0041,
    1397859943.21452,
    -4034345831.99148
  ],
  "target_orbit_vel": [
    -1336.59815417286,
    -473.630743334161,
    4361.57250262853
  ]
}