{
  "timestamp": 4080,
  "vel": [
    -2126.26595321837,
    233.321403898643,
    561.087401176765
  ],
  "target_pixel": [
    543,
    92
  ],
  "angle_deg": -4.96417880510113,
  "background_stars": [],
  "target_orbit_pos": [
    -15482317209.2651,
    1397433246.1358,
    -4030420508.30729
  ],
  "target_orbit_vel": [
    -1336.746825519,
    -474.584944662542,
    4361.36912980275
  ]
}