{
  "timestamp": 1440,
  "vel": [
    -2125.84079777069,
    236.086642434215,
    561.715592530797
  ],
  "target_pixel": [
    542,
    92
  ],
  "angle_deg": -4.963691378438521,
  "background_stars": [],
  "target_orbit_pos": [
    -15478788774.2107,
    1398682455.61243,
    -4041935309.80331
  ],
  "target_orbit_vel": [
    -1336.30939543225,
    -471.785723032321,
    4361.96525232409
  ]
}