{
  "timestamp": 540,
  "vel": [
    -2125.69503010331,
    237.029254380005,
    561.929678575263
  ],
  "target_pixel": [
    542,
    92
  ],
  "angle_deg": -4.963518889216988,
  "background_stars": [],
  "target_orbit_pos": [
    -15477586163.2543,
    1399106633.28551,
    -4045861169.79507
  ],
  "target_orbit_vel": [
    -1336.15935084926,
    -470.831283178053,
    4362.16817205507
  ]
}