{
  "timestamp": 3600,
  "vel": [
    -2126.18892181274,
    233.824201382144,
    561.201640529768
  ],
  "target_pixel": [
    543,
    92
  ],
  "angle_deg": -4.964092238231876,
  "background_stars": [],
  "target_orbit_pos": [
    -15481675589.8075,
    1397660924.78189,
    -4032513991.49458
  ],
  "target_orbit_vel": [
    -1336.6675923938,
    -474.076047454594,
    4361.47761451021
  ]
}