{
  "timestamp": 2040,
  "vel": [
    -2125.93774224885,
    235.458210921467,
    561.572848659441
  ],
  "target_pixel": [
    542,
    92
  ],
  "angle_deg": -4.963804585152578,
  "background_stars": [],
  "target_orbit_pos": [
    -15479590589.7794,
    1398399193.29276,
    -4039318171.29896
  ],
  "target_orbit_vel": [
    -1336.40916507449,
    -472.421971251582,
    4361.82988661787
  ]
}