{
  "timestamp": 1620,
  "vel": [
    -2125.8699007682,
    235.898114954066,
    561.672771034327
  ],
  "target_pixel": [
    542,
    92
  ],
  "angle_deg": -4.963725490463439,
  "background_stars": [],
  "target_orbit_pos": [
    -15479029312.5949,
    1398597517.00039,
    -4041150159.72424
  ],
  "target_orbit_vel": [
    -1336.33934817172,
    -471.976601284453,
    4361.92464982437
  ]
}