{
  "timestamp": 4920,
  "vel": [
    -2126.40046983229,
    232.441479807642,
    560.887458069973
  ],
  "target_pixel": [
    543,
    92
  ],
  "angle_deg": -4.964328099209228,
  "background_stars": [],
  "target_orbit_pos": [
    -15483440134.7149,
    1397034220.74828,
    -4026757038.06765
  ],
  "target_orbit_vel": [
    -1336.88516305939,
    -475.475458740225,
    4361.17917601579
  ]
}