{
  "timestamp": 420,
  "vel": [
    -2125.67556259693,
    237.154932759413,
    561.958220678426
  ],
  "target_pixel": [
    542,
    92
  ],
  "angle_deg": -4.963495647692841,
  "background_stars": [],
  "target_orbit_pos": [
    -15477425825.3365,
    1399163125.40599,
    -4046384631.59032
  ],
  "target_orbit_vel": [
    -1336.13930953428,
    -470.704018420467,
    4362.1952163333
  ]
}