{
  "timestamp": 2340,
  "vel": [
    -2125.98614429282,
    235.143988126816,
    561.501470781771
  ],
  "target_pixel": [
    543,
    92
  ],
  "angle_deg": -4.963860652809444,
  "background_stars": [],
  "target_orbit_pos": [
    -15479991519.9964,
    1398257418.97946,
    -4038009632.50928
  ],
  "target_orbit_vel": [
    -1336.4589718711,
    -472.740081826768,
    4361.76217801248
  ]
}