{
  "timestamp": 2280,
  "vel": [
    -2125.97646762789,
    235.206833060479,
    561.515746673949
  ],
  "target_pixel": [
    543,
    92
  ],
  "angle_deg": -4.963849467845931,
  "background_stars": [],
  "target_orbit_pos": [
    -15479911332.7578,
    1398285781.47688,
    -4038271338.64216
  ],
  "target_orbit_vel": [
    -1336.44901467311,
    -472.67646043429,
    4361.77572110668
  ]
}