{
  "timestamp": 3000,
  "vel": [
    -2126.09246405467,
    234.45268151613,
    561.344425528419
  ],
  "target_pixel": [
    543,
    92
  ],
  "angle_deg": -4.963982744818816,
  "background_stars": [],
  "target_orbit_pos": [
    -15480873619.0201,
    1397945179.57532,
    -4035130918.68874
  ],
  "target_orbit_vel": [
    -1336.56836372507,
    -473.439893271381,
    4361.61315867583
  ]
}