{
  "timestamp": 2100,
  "vel": [
    -2125.94742640148,
    235.395366737373,
    561.558573400607
  ],
  "target_pixel": [
    542,
    92
  ],
  "angle_deg": -4.963815827251479,
  "background_stars": [],
  "target_orbit_pos": [
    -15479670774.6274,
    1398370846.06463,
    -4039056461.91605
  ],
  "target_orbit_vel": [
    -1336.41913059513,
    -472.485594089045,
    4361.81634626998
  ]
}