{
  "timestamp": 2580,
  "vel": [
    -2126.02483223278,
    234.892606520892,
    561.444365630677
  ],
  "target_pixel": [
    543,
    92
  ],
  "angle_deg": -4.963905249842294,
  "background_stars": [],
  "target_orbit_pos": [
    -15480312274.9233,
    1398143930.81861,
    -4036962816.10424
  ],
  "target_orbit_vel": [
    -1336.49877985649,
    -472.994563781361,
    4361.70799877114
  ]
}