{
  "timestamp": 1200,
  "vel": [
    -2125.80196756947,
    236.338009771625,
    561.772685637677
  ],
  "target_pixel": [
    542,
    92
  ],
  "angle_deg": -4.963645695703011,
  "background_stars": [],
  "target_orbit_pos": [
    -15478468064.7549,
    1398795653.64896,
    -4042982187.94308
  ],
  "target_orbit_vel": [
    -1336.26942931734,
    -471.531213652761,
    4362.01937937188
  ]
}