{
  "timestamp": 720,
  "vel": [
    -2125.7242173262,
    236.840735391185,
    561.886864227281
  ],
  "target_pixel": [
    542,
    92
  ],
  "angle_deg": -4.963553644305719,
  "background_stars": [],
  "target_orbit_pos": [
    -15477826674.639,
    1399021866.47114,
    -4045075983.18758
  ],
  "target_orbit_vel": [
    -1336.18939721714,
    -471.022177620997,
    4362.12760048111
  ]
}