{
  "timestamp": 1560,
  "vel": [
    -2125.86020164082,
    235.96095763554,
    561.687045025124
  ],
  "target_pixel": [
    542,
    92
  ],
  "angle_deg": -4.963714134074338,
  "background_stars": [],
  "target_orbit_pos": [
    -15478949132.5345,
    1398625833.68817,
    -4041411875.6052
  ],
  "target_orbit_vel": [
    -1336.32936600586,
    -471.912975560847,
    4361.93818467791
  ]
}