{
  "timestamp": 4320,
  "vel": [
    -2126.30442398522,
    233.070000710463,
    561.030277720507
  ],
  "target_pixel": [
    543,
    92
  ],
  "angle_deg": -4.964221745975127,
  "background_stars": [],
  "target_orbit_pos": [
    -15482638033.2479,
    1397319315.21232,
    -4029373786.24357
  ],
  "target_orbit_vel": [
    -1336.78639214475,
    -474.839384539888,
    4361.31487099698
  ]
}