{
  "timestamp": 1140,
  "vel": [
    -2125.79225533987,
    236.400851134789,
    561.786958517469
  ],
  "target_pixel": [
    542,
    92
  ],
  "angle_deg": -4.963634239296626,
  "background_stars": [],
  "target_orbit_pos": [
    -15478387888.89,
    1398823943.61411,
    -4043243909.50769
  ],
  "target_orbit_vel": [
    -1336.25943258703,
    -471.46758540778,
    4362.032909416
  ]
}