{
  "timestamp": 360,
  "vel": [
    -2125.66582603645,
    237.217771664849,
    561.972491491276
  ],
  "target_pixel": [
    542,
    92
  ],
  "angle_deg": -4.9634840054871185,
  "background_stars": [],
  "target_orbit_pos": [
    -15477345657.2797,
    1399191365.73859,
    -4046646363.7049
  ],
  "target_orbit_vel": [
    -1336.12928575584,
    -470.640385503295,
    4362.20873744098
  ]
}