{
  "timestamp": 2520,
  "vel": [
    -2126.01516305578,
    234.955452202904,
    561.458642155751
  ],
  "target_pixel": [
    543,
    92
  ],
  "angle_deg": -4.96389412200611,
  "background_stars": [],
  "target_orbit_pos": [
    -15480232085.296,
    1398172308.58431,
    -4037224518.98644
  ],
  "target_orbit_vel": [
    -1336.48883098113,
    -472.93094383518,
    4361.72154461108
  ]
}