{
  "timestamp": 3660,
  "vel": [
    -2126.19855729143,
    233.7613523461,
    561.187361162217
  ],
  "target_pixel": [
    543,
    92
  ],
  "angle_deg": -4.964103109053115,
  "background_stars": [],
  "target_orbit_pos": [
    -15481755790.1593,
    1397632478.31017,
    -4032252303.24858
  ],
  "target_orbit_vel": [
    -1336.6775038169,
    -474.139660877182,
    4361.46405632149
  ]
}