{
  "timestamp": 4680,
  "vel": [
    -2126.36207396316,
    232.69289038286,
    560.944587816473
  ],
  "target_pixel": [
    543,
    92
  ],
  "angle_deg": -4.964285729148486,
  "background_stars": [],
  "target_orbit_pos": [
    -15483119287.0172,
    1397148304.33059,
    -4027803727.56779
  ],
  "target_orbit_vel": [
    -1336.8456796621,
    -475.221033433503,
    4361.23346222971
  ]
}