{
  "timestamp": 1500,
  "vel": [
    -2125.85050064164,
    236.02380012898,
    561.70131885729
  ],
  "target_pixel": [
    542,
    92
  ],
  "angle_deg": -4.963702763400426,
  "background_stars": [],
  "target_orbit_pos": [
    -15478868953.073,
    1398654146.5591,
    -4041673592.29824
  ],
  "target_orbit_vel": [
    -1336.31938175938,
    -471.849349476755,
    4361.95171884449
  ]
}