{
  "timestamp": 4740,
  "vel": [
    -2126.37167573919,
    232.630038015626,
    560.930305615536
  ],
  "target_pixel": [
    543,
    92
  ],
  "angle_deg": -4.964296343068075,
  "background_stars": [],
  "target_orbit_pos": [
    -15483199498.0531,
    1397119789.15993,
    -4027542053.97133
  ],
  "target_orbit_vel": [
    -1336.85555363251,
    -475.284640307099,
    4361.21989170379
  ]
}