{
  "timestamp": 2220,
  "vel": [
    -2125.96678909101,
    235.269677806856,
    561.530022407833
  ],
  "target_pixel": [
    542,
    92
  ],
  "angle_deg": -4.963838268599111,
  "background_stars": [],
  "target_orbit_pos": [
    -15479831146.1166,
    1398314140.15702,
    -4038533045.58762
  ],
  "target_orbit_vel": [
    -1336.43905539445,
    -472.612838680447,
    4361.78926351435
  ]
}