{
  "timestamp": 3240,
  "vel": [
    -2126.13106962395,
    234.20129169586,
    561.287313422877
  ],
  "target_pixel": [
    543,
    92
  ],
  "angle_deg": -4.964026713513511,
  "background_stars": [],
  "target_orbit_pos": [
    -15481194400.1901,
    1397831523.46099,
    -4034084138.05204
  ],
  "target_orbit_vel": [
    -1336.60808016078,
    -473.694359296719,
    4361.55894924074
  ]
}