{
  "timestamp": 240,
  "vel": [
    -2125.64634730096,
    237.343448907219,
    562.001032639371
  ],
  "target_pixel": [
    542,
    92
  ],
  "angle_deg": -4.963460678197051,
  "background_stars": [],
  "target_orbit_pos": [
    -15477185322.9704,
    1399247834.95123,
    -4047169830.36777
  ],
  "target_orbit_vel": [
    -1336.10923195717,
    -470.513118592342,
    4362.23577759331
  ]
}