{
  "timestamp": 840,
  "vel": [
    -2125.74366611685,
    236.715055119623,
    561.85832053346
  ],
  "target_pixel": [
    542,
    92
  ],
  "angle_deg": -4.96357674290314,
  "background_stars": [],
  "target_orbit_pos": [
    -15477987018.566,
    1398965336.17246,
    -4044552529.50666
  ],
  "target_orbit_vel": [
    -1336.20941772596,
    -471.149438786445,
    4362.10054932781
  ]
}