{
  "timestamp": 4380,
  "vel": [
    -2126.31403699597,
    233.007149450993,
    561.015996463021
  ],
  "target_pixel": [
    543,
    92
  ],
  "angle_deg": -4.964232445513517,
  "background_stars": [],
  "target_orbit_pos": [
    -15482718240.7271,
    1397290822.93984,
    -4029112107.76245
  ],
  "target_orbit_vel": [
    -1336.79627859942,
    -474.902993599364,
    4361.30130458217
  ]
}