{
  "timestamp": 3360,
  "vel": [
    -2126.15036117567,
    234.075595668536,
    561.258756422923
  ],
  "target_pixel": [
    543,
    92
  ],
  "angle_deg": -4.9640486121943335,
  "background_stars": [],
  "target_orbit_pos": [
    -15481354794.3486,
    1397774672.5024,
    -4033560752.61288
  ],
  "target_orbit_vel": [
    -1336.62792589455,
    -473.821590133965,
    4361.53184040733
  ]
}