{
  "timestamp": 1320,
  "vel": [
    -2125.82138641354,
    236.212326479702,
    561.744139401723
  ],
  "target_pixel": [
    542,
    92
  ],
  "angle_deg": -4.963668565647339,
  "background_stars": [],
  "target_orbit_pos": [
    -15478628418.2838,
    1398739062.26564,
    -4042458747.24938
  ],
  "target_orbit_vel": [
    -1336.28941653606,
    -471.658469062789,
    4361.99231722218
  ]
}