{
  "timestamp": 3060,
  "vel": [
    -2126.10211825519,
    234.389834340522,
    561.3301477389
  ],
  "target_pixel": [
    543,
    92
  ],
  "angle_deg": -4.963993758409622,
  "background_stars": [],
  "target_orbit_pos": [
    -15480953813.419,
    1397916771.27205,
    -4034869222.30987
  ],
  "target_orbit_vel": [
    -1336.57829595501,
    -473.503510321384,
    4361.59960734611
  ]
}