{
  "timestamp": 1020,
  "vel": [
    -2125.77282526564,
    236.526533295074,
    561.815503800544
  ],
  "target_pixel": [
    542,
    92
  ],
  "angle_deg": -4.963611283611061,
  "background_stars": [],
  "target_orbit_pos": [
    -15478227538.9599,
    1398880512.09058,
    -4043767355.07221
  ],
  "target_orbit_vel": [
    -1336.23943288448,
    -471.340327838332,
    4362.05996744258
  ]
}