{
  "timestamp": 1980,
  "vel": [
    -2125.92805622433,
    235.521054917896,
    561.587123759868
  ],
  "target_pixel": [
    542,
    92
  ],
  "angle_deg": -4.963793328766396,
  "background_stars": [],
  "target_orbit_pos": [
    -15479510405.5296,
    1398427536.70281,
    -4039579881.49426
  ],
  "target_orbit_vel": [
    -1336.39919747318,
    -472.358348053131,
    4361.84342627909
  ]
}