{
  "timestamp": 900,
  "vel": [
    -2125.75338770476,
    236.652214700294,
    561.844048448085
  ],
  "target_pixel": [
    542,
    92
  ],
  "angle_deg": -4.963588270762853,
  "background_stars": [],
  "target_orbit_pos": [
    -15478067191.4304,
    1398937065.29607,
    -4044290803.88355
  ],
  "target_orbit_vel": [
    -1336.21942485942,
    -471.213068830013,
    4362.08702272007
  ]
}