{
  "timestamp": 960,
  "vel": [
    -2125.76310742101,
    236.589374092149,
    561.82977620377
  ],
  "target_pixel": [
    542,
    92
  ],
  "angle_deg": -4.963599784333686,
  "background_stars": [],
  "target_orbit_pos": [
    -15478147364.895,
    1398908790.60254,
    -4044029079.07205
  ],
  "target_orbit_vel": [
    -1336.22942991227,
    -471.276698513963,
    4362.07349542498
  ]
}