{
  "timestamp": 2160,
  "vel": [
    -2125.9571086822,
    235.332522365876,
    561.544297983395
  ],
  "target_pixel": [
    542,
    92
  ],
  "angle_deg": -4.963827055068607,
  "background_stars": [],
  "target_orbit_pos": [
    -15479750960.0731,
    1398342495.01984,
    -4038794753.34559
  ],
  "target_orbit_vel": [
    -1336.42909403513,
    -472.549216565319,
    4361.80280523547
  ]
}