{
  "timestamp": 1680,
  "vel": [
    -2125.8795980238,
    235.835272084433,
    561.658496884927
  ],
  "target_pixel": [
    542,
    92
  ],
  "angle_deg": -4.963736832562704,
  "background_stars": [],
  "target_orbit_pos": [
    -15479109493.2543,
    1398569196.49439,
    -4040888444.65538
  ],
  "target_orbit_vel": [
    -1336.34932825692,
    -472.04022664762,
    4361.9111142839
  ]
}