{
  "timestamp": 1920,
  "vel": [
    -2125.91836832793,
    235.583898726783,
    561.601398701861
  ],
  "target_pixel": [
    542,
    92
  ],
  "angle_deg": -4.963782058097738,
  "background_stars": [],
  "target_orbit_pos": [
    -15479430221.8778,
    1398455876.29616,
    -4039841592.50193
  ],
  "target_orbit_vel": [
    -1336.38922779123,
    -472.294724493645,
    4361.8569652536
  ]
}